Name,Email
Travis Jakubowski,Elisa.Koch@gmail.com
Mrs. Mae Hackett,Mathew1@yahoo.com
Lynn Nitzsche,Flavie3@hotmail.com
Mr. Percy Schaden,Warren72@hotmail.com
Garry Hoeger,Rubie15@hotmail.com
Chris Cormier,Emmalee40@gmail.com
Lena Runolfsson,Grady95@hotmail.com
Ms. Hannah Toy,Bill8@yahoo.com
Mrs. Ana Lubowitz I,Burnice_Ullrich@yahoo.com
Joel Fritsch,Shakira_Bosco@yahoo.com
Marlene Flatley,Alize.Metz84@hotmail.com
Mr. Sidney Gislason,Lisandro41@yahoo.com
Nancy O'Kon,Jakob.Boyle51@gmail.com
Dawn Shields,Fae_Reichert@yahoo.com
Janie Beahan,Lavina.Torphy@gmail.com
Dr. Christopher Fay,Summer.Reynolds@hotmail.com
Mr. Willis Lebsack,Sydnee_Windler10@hotmail.com
Brenda Huel,Jordi_Spencer84@hotmail.com
Miriam Brown,Naomi13@yahoo.com
Salvador Stokes,Adele.Carter@yahoo.com
Elisa Hand,Noemy_Watsica66@hotmail.com
Robin O'Keefe,Otis_Sporer@gmail.com
Carrie Hegmann,Cecelia_Kassulke95@gmail.com
Cory Huels,Armani.Erdman2@yahoo.com
Georgia Shanahan,Eudora.Carroll62@gmail.com
Johnathan Harvey,Ella.Okuneva@hotmail.com
Angelina Bailey,Rigoberto_Stanton@yahoo.com
Horace Beatty-Sanford,Vernon30@gmail.com
Donna O'Reilly,Nelle_Waelchi62@hotmail.com
Mike Nikolaus,Amie_Swift99@yahoo.com
Steven Turcotte,Giovanni.Hermiston-Windler@hotmail.com
Diana Franecki,Lawson91@hotmail.com
Shawna Strosin,Torey.Konopelski@hotmail.com
Rochelle Larkin,Chloe42@hotmail.com
Fred Sauer,Ron.Flatley4@gmail.com
Michelle Huel,Alexandre75@hotmail.com
Johnnie Gerhold,Darwin33@gmail.com
Sheryl Doyle DDS,Julien38@hotmail.com
Dr. Jane Huels,Isabel_Thiel47@hotmail.com
Dr. Kristin Ullrich,Diana_Orn@gmail.com
Tim Wisoky,Nya_Maggio4@gmail.com
Terence McClure,Marta_Rempel@hotmail.com
Derrick Robel-Lueilwitz,Nikolas61@gmail.com
Jean Abshire,Ewald1@gmail.com
Vernon Morar,Rachael.Welch33@hotmail.com
Homer Ledner,Ardith_Botsford@gmail.com
Lula Lemke,Sasha89@gmail.com
Beverly Lockman,Chris83@yahoo.com
Aubrey Mayert,Jaycee_King79@gmail.com
Kristin Cummerata,Maria.Herzog99@yahoo.com
Pam Daugherty,Will11@gmail.com
Amber Conn,Sydni_Connelly72@yahoo.com
Rex Hane,Kaia46@gmail.com
Emmett Torphy,Giovani.Mraz12@hotmail.com
Dr. Jessie Gerlach,Brendan.Lebsack49@gmail.com
Ramon Cruickshank,Arnaldo24@yahoo.com
Patsy Abbott,Kelly_Pacocha@yahoo.com
Gregg Muller,Camila41@yahoo.com
Darrel Osinski,Rusty_Strosin@hotmail.com
Hubert Hickle,Raheem.OHara@yahoo.com
Ellen Barrows,Kendra_Miller3@yahoo.com
Clay Rippin,Clark93@yahoo.com
Candace Pagac,Chanel_Walker-Tillman@gmail.com
Freda Green,Pattie.Moen46@gmail.com
Virginia Schamberger,Aurelia.Yost@yahoo.com
Irma Dooley,Herbert_Turcotte@hotmail.com
Gretchen Senger,Timothy.Schulist@gmail.com
Felicia Gerlach,Marlin_Goyette-Frami@yahoo.com
Lindsey Wuckert IV,Cody92@yahoo.com
Dr. Isabel Mohr,Julius.Glover30@gmail.com
Lucy Gutkowski,Armand_Hansen66@gmail.com
Dr. Homer Terry,Dorothy_Douglas@yahoo.com
Noel Grant,Bret.McClure@gmail.com
Raul Wuckert,Travon.Gerhold@gmail.com
Renee Kulas,Maud93@gmail.com
Brett Lueilwitz,Maryjane.Labadie32@yahoo.com
Kristen Ward III,Hailey_Kub@yahoo.com
Herbert Stracke,Seth_Schumm85@hotmail.com
Hannah Schinner,Rudolph.Olson97@gmail.com
Miss Renee Witting,Lonzo_Thompson40@gmail.com
Margaret Renner,Samara56@hotmail.com
Gretchen Hane II,Mekhi.Rau0@gmail.com
Dewey Kozey,Ryley.Schroeder@hotmail.com
Arlene Zulauf,Shirley_Mills87@hotmail.com
Lorene McKenzie,Kenton26@gmail.com
Kendra Keeling,Jannie.Schoen7@gmail.com
Howard Brakus,Johathan33@gmail.com
Toby Casper Jr.,Jennyfer_King@hotmail.com
Dixie Brown I,Ona_Kreiger10@hotmail.com
Pete Treutel,Enid.Kuhn49@hotmail.com
Cassandra Hagenes II,Verdie.Schaden@gmail.com
Ms. Laverne Renner,Rodrick_Rolfson@gmail.com
Luz O'Hara DVM,Maverick_Skiles64@hotmail.com
Curtis Gottlieb,Pat13@yahoo.com
Dan O'Connell,Tanner_Friesen@gmail.com
Simon Durgan,Monserrate.Williamson85@yahoo.com
Iris Glover,Fredrick.Johnston20@yahoo.com
Angelica Wuckert,Jessica.Kuvalis80@hotmail.com
Alyssa Wiegand,Asa82@gmail.com
Kim Lebsack I,Raheem88@gmail.com
